9.79e+20,1.68e+19,3.10e+20,3.00e+20,4.80e+19,9.50e+19,0.000000000000000000e+00,0.000000000000000000e+00,1.00e+18
7.82e+20,1.68e+19,3.10e+20,3.00e+20,4.80e+19,9.50e+19,0.000000000000000000e+00,0.000000000000000000e+00,1.00e+18
7.65e+20,1.68e+19,3.10e+20,3.00e+20,4.80e+19,9.50e+19,0.000000000000000000e+00,0.000000000000000000e+00,1.00e+18
7.48e+20,1.68e+19,3.10e+20,3.00e+20,4.80e+19,9.50e+19,0.000000000000000000e+00,0.000000000000000000e+00,1.00e+18
7.31e+20,1.68e+19,3.10e+20,3.00e+20,4.80e+19,9.50e+19,0.000000000000000000e+00,0.000000000000000000e+00,1.00e+18
7.14e+20,1.68e+19,3.10e+20,3.00e+20,4.80e+19,9.50e+19,0.000000000000000000e+00,0.000000000000000000e+00,1.00e+18
6.97e+20,1.68e+19,3.10e+20,3.00e+20,4.80e+19,9.50e+19,0.000000000000000000e+00,0.000000000000000000e+00,1.00e+18
6.80e+20,1.68e+19,3.10e+20,3.00e+20,4.80e+19,9.50e+19,0.000000000000000000e+00,0.000000000000000000e+00,1.00e+18
6.63e+20,1.68e+19,3.10e+20,3.00e+20,4.80e+19,9.50e+19,0.000000000000000000e+00,0.000000000000000000e+00,1.00e+18
6.46e+20,1.68e+19,3.10e+20,3.00e+20,4.80e+19,9.50e+19,0.000000000000000000e+00,0.000000000000000000e+00,1.00e+18
6.29e+20,1.68e+19,3.10e+20,3.00e+20,4.80e+19,9.50e+19,0.000000000000000000e+00,0.000000000000000000e+00,1.00e+18
6.12e+20,1.68e+19,3.10e+20,3.00e+20,4.80e+19,9.50e+19,0.000000000000000000e+00,0.000000000000000000e+00,1.00e+18
5.95e+20,1.68e+19,3.10e+20,3.00e+20,4.80e+19,9.50e+19,0.000000000000000000e+00,0.000000000000000000e+00,1.00e+18
5.78e+20,1.68e+19,3.10e+20,3.00e+20,4.80e+19,9.50e+19,0.000000000000000000e+00,0.000000000000000000e+00,1.00e+18
5.61e+20,1.68e+19,3.10e+20,3.00e+20,4.80e+19,9.50e+19,0.000000000000000000e+00,0.000000000000000000e+00,1.00e+18
5.44e+20,1.68e+19,3.10e+20,3.00e+20,4.80e+19,9.50e+19,0.000000000000000000e+00,0.000000000000000000e+00,1.00e+18
5.27e+20,1.68e+19,3.10e+20,3.00e+20,4.80e+19,9.50e+19,0.000000000000000000e+00,0.000000000000000000e+00,1.00e+18
5.10e+20,1.68e+19,3.10e+20,3.00e+20,4.80e+19,9.50e+19,0.000000000000000000e+00,0.000000000000000000e+00,1.00e+18
4.93e+20,1.68e+19,3.10e+20,3.00e+20,4.80e+19,9.50e+19,0.000000000000000000e+00,0.000000000000000000e+00,1.00e+18
4.76e+20,1.68e+19,3.10e+20,3.00e+20,4.80e+19,9.50e+19,0.000000000000000000e+00,0.000000000000000000e+00,1.00e+18
4.59e+20,1.68e+19,3.10e+20,3.00e+20,4.80e+19,9.50e+19,0.000000000000000000e+00,0.000000000000000000e+00,1.00e+18
4.42e+20,1.68e+19,3.10e+20,3.00e+20,4.80e+19,9.50e+19,0.000000000000000000e+00,0.000000000000000000e+00,1.00e+18
4.25e+20,1.68e+19,3.10e+20,3.00e+20,4.80e+19,9.50e+19,0.000000000000000000e+00,0.000000000000000000e+00,1.00e+18
7.50e+20,1.76e+19,3.10e+20,3.00e+20,1.02e+20,9.50e+19,0.000000000000000000e+00,0.000000000000000000e+00,1.00e+18
7.32e+20,1.76e+19,3.10e+20,3.00e+20,1.02e+20,9.50e+19,0.000000000000000000e+00,0.000000000000000000e+00,1.00e+18
7.14e+20,1.76e+19,3.10e+20,3.00e+20,1.02e+20,9.50e+19,0.000000000000000000e+00,0.000000000000000000e+00,1.00e+18
6.96e+20,1.76e+19,3.10e+20,3.00e+20,1.02e+20,9.50e+19,0.000000000000000000e+00,0.000000000000000000e+00,1.00e+18
6.78e+20,1.76e+19,3.10e+20,3.00e+20,1.02e+20,9.50e+19,0.000000000000000000e+00,0.000000000000000000e+00,1.00e+18
6.60e+20,1.76e+19,3.10e+20,3.00e+20,1.02e+20,9.50e+19,0.000000000000000000e+00,0.000000000000000000e+00,1.00e+18
6.42e+20,1.76e+19,3.10e+20,3.00e+20,1.02e+20,9.50e+19,0.000000000000000000e+00,0.000000000000000000e+00,1.00e+18
6.24e+20,1.76e+19,3.10e+20,3.00e+20,1.02e+20,9.50e+19,0.000000000000000000e+00,0.000000000000000000e+00,1.00e+18
6.06e+20,1.76e+19,3.10e+20,3.00e+20,1.02e+20,9.50e+19,0.000000000000000000e+00,0.000000000000000000e+00,1.00e+18
5.88e+20,1.76e+19,3.10e+20,3.00e+20,1.02e+20,9.50e+19,0.000000000000000000e+00,0.000000000000000000e+00,1.00e+18
5.70e+20,1.76e+19,3.10e+20,3.00e+20,1.02e+20,9.50e+19,0.000000000000000000e+00,0.000000000000000000e+00,1.00e+18
5.52e+20,1.76e+19,3.10e+20,3.00e+20,1.02e+20,9.50e+19,0.000000000000000000e+00,0.000000000000000000e+00,1.00e+18
5.34e+20,1.76e+19,3.10e+20,3.00e+20,1.02e+20,9.50e+19,0.000000000000000000e+00,0.000000000000000000e+00,1.00e+18
5.16e+20,1.76e+19,3.10e+20,3.00e+20,1.02e+20,9.50e+19,0.000000000000000000e+00,0.000000000000000000e+00,1.00e+18
4.98e+20,1.76e+19,3.10e+20,3.00e+20,1.02e+20,9.50e+19,0.000000000000000000e+00,0.000000000000000000e+00,1.00e+18
4.80e+20,1.76e+19,3.10e+20,3.00e+20,1.02e+20,9.50e+19,0.000000000000000000e+00,0.000000000000000000e+00,1.00e+18
4.62e+20,1.76e+19,3.10e+20,3.00e+20,1.02e+20,9.50e+19,0.000000000000000000e+00,0.000000000000000000e+00,1.00e+18
4.44e+20,1.76e+19,3.10e+20,3.00e+20,1.02e+20,9.50e+19,0.000000000000000000e+00,0.000000000000000000e+00,1.00e+18
4.26e+20,1.76e+19,3.10e+20,3.00e+20,1.02e+20,9.50e+19,0.000000000000000000e+00,0.000000000000000000e+00,1.00e+18
4.08e+20,1.76e+19,3.10e+20,3.00e+20,1.02e+20,9.50e+19,0.000000000000000000e+00,0.000000000000000000e+00,1.00e+18
3.90e+20,1.76e+19,3.10e+20,3.00e+20,1.02e+20,9.50e+19,0.000000000000000000e+00,0.000000000000000000e+00,1.00e+18
3.72e+20,1.76e+19,3.10e+20,3.00e+20,1.02e+20,9.50e+19,0.000000000000000000e+00,0.000000000000000000e+00,1.00e+18
3.54e+20,1.76e+19,3.10e+20,3.00e+20,1.02e+20,9.50e+19,0.000000000000000000e+00,0.000000000000000000e+00,1.00e+18
7.68e+20,1.76e+19,3.10e+20,3.25e+20,4.00e+19,7.10e+19,0.000000000000000000e+00,0.000000000000000000e+00,1.00e+18
7.50e+20,1.76e+19,3.10e+20,3.25e+20,4.00e+19,7.10e+19,0.000000000000000000e+00,0.000000000000000000e+00,1.00e+18
7.32e+20,1.76e+19,3.10e+20,3.25e+20,4.00e+19,7.10e+19,0.000000000000000000e+00,0.000000000000000000e+00,1.00e+18
7.14e+20,1.76e+19,3.10e+20,3.25e+20,4.00e+19,7.10e+19,0.000000000000000000e+00,0.000000000000000000e+00,1.00e+18
6.96e+20,1.76e+19,3.10e+20,3.25e+20,4.00e+19,7.10e+19,0.000000000000000000e+00,0.000000000000000000e+00,1.00e+18
6.78e+20,1.76e+19,3.10e+20,3.25e+20,4.00e+19,7.10e+19,0.000000000000000000e+00,0.000000000000000000e+00,1.00e+18
6.60e+20,1.76e+19,3.10e+20,3.25e+20,4.00e+19,7.10e+19,0.000000000000000000e+00,0.000000000000000000e+00,1.00e+18
6.42e+20,1.76e+19,3.10e+20,3.25e+20,4.00e+19,7.10e+19,0.000000000000000000e+00,0.000000000000000000e+00,1.00e+18
6.24e+20,1.76e+19,3.10e+20,3.25e+20,4.00e+19,7.10e+19,0.000000000000000000e+00,0.000000000000000000e+00,1.00e+18
6.06e+20,1.76e+19,3.10e+20,3.25e+20,4.00e+19,7.10e+19,0.000000000000000000e+00,0.000000000000000000e+00,1.00e+18
5.88e+20,1.76e+19,3.10e+20,3.25e+20,4.00e+19,7.10e+19,0.000000000000000000e+00,0.000000000000000000e+00,1.00e+18
5.70e+20,1.76e+19,3.10e+20,3.25e+20,4.00e+19,7.10e+19,0.000000000000000000e+00,0.000000000000000000e+00,1.00e+18
5.52e+20,1.76e+19,3.10e+20,3.25e+20,4.00e+19,7.10e+19,0.000000000000000000e+00,0.000000000000000000e+00,1.00e+18
5.34e+20,1.76e+19,3.10e+20,3.25e+20,4.00e+19,7.10e+19,0.000000000000000000e+00,0.000000000000000000e+00,1.00e+18
5.16e+20,1.76e+19,3.10e+20,3.25e+20,4.00e+19,7.10e+19,0.000000000000000000e+00,0.000000000000000000e+00,1.00e+18
4.98e+20,1.76e+19,3.10e+20,3.25e+20,4.00e+19,7.10e+19,0.000000000000000000e+00,0.000000000000000000e+00,1.00e+18
4.80e+20,1.76e+19,3.10e+20,3.25e+20,4.00e+19,7.10e+19,0.000000000000000000e+00,0.000000000000000000e+00,1.00e+18
4.62e+20,1.76e+19,3.10e+20,3.25e+20,4.00e+19,7.10e+19,0.000000000000000000e+00,0.000000000000000000e+00,1.00e+18
4.44e+20,1.76e+19,3.10e+20,3.25e+20,4.00e+19,7.10e+19,0.000000000000000000e+00,0.000000000000000000e+00,1.00e+18
4.26e+20,1.76e+19,3.10e+20,3.25e+20,4.00e+19,7.10e+19,0.000000000000000000e+00,0.000000000000000000e+00,1.00e+18
6.78e+20,1.80e+19,3.10e+20,3.00e+20,1.02e+20,9.50e+19,0.000000000000000000e+00,0.000000000000000000e+00,1.00e+18
6.60e+20,1.80e+19,3.10e+20,3.00e+20,1.02e+20,9.50e+19,0.000000000000000000e+00,0.000000000000000000e+00,1.00e+18
6.42e+20,1.80e+19,3.10e+20,3.00e+20,1.02e+20,9.50e+19,0.000000000000000000e+00,0.000000000000000000e+00,1.00e+18
6.24e+20,1.80e+19,3.10e+20,3.00e+20,1.02e+20,9.50e+19,0.000000000000000000e+00,0.000000000000000000e+00,1.00e+18
6.06e+20,1.80e+19,3.10e+20,3.00e+20,1.02e+20,9.50e+19,0.000000000000000000e+00,0.000000000000000000e+00,1.00e+18
5.88e+20,1.80e+19,3.10e+20,3.00e+20,1.02e+20,9.50e+19,0.000000000000000000e+00,0.000000000000000000e+00,1.00e+18
5.70e+20,1.80e+19,3.10e+20,3.00e+20,1.02e+20,9.50e+19,0.000000000000000000e+00,0.000000000000000000e+00,1.00e+18
8.76e+20,1.84e+19,3.10e+20,2.70e+20,9.70e+19,6.80e+19,0.000000000000000000e+00,0.000000000000000000e+00,1.00e+18
8.58e+20,1.84e+19,3.10e+20,2.70e+20,9.70e+19,6.80e+19,0.000000000000000000e+00,0.000000000000000000e+00,1.00e+18
8.40e+20,1.84e+19,3.10e+20,2.70e+20,9.70e+19,6.80e+19,0.000000000000000000e+00,0.000000000000000000e+00,1.00e+18
8.22e+20,1.84e+19,3.10e+20,2.70e+20,9.70e+19,6.80e+19,0.000000000000000000e+00,0.000000000000000000e+00,1.00e+18
8.04e+20,1.84e+19,3.10e+20,2.70e+20,9.70e+19,6.80e+19,0.000000000000000000e+00,0.000000000000000000e+00,1.00e+18
7.86e+20,1.84e+19,3.10e+20,2.70e+20,9.70e+19,6.80e+19,0.000000000000000000e+00,0.000000000000000000e+00,1.00e+18
7.68e+20,1.84e+19,3.10e+20,2.70e+20,9.70e+19,6.80e+19,0.000000000000000000e+00,0.000000000000000000e+00,1.00e+18
7.50e+20,1.84e+19,3.10e+20,2.70e+20,9.70e+19,6.80e+19,0.000000000000000000e+00,0.000000000000000000e+00,1.00e+18
7.32e+20,1.84e+19,3.10e+20,2.70e+20,9.70e+19,6.80e+19,0.000000000000000000e+00,0.000000000000000000e+00,1.00e+18
7.14e+20,1.84e+19,3.10e+20,2.70e+20,9.70e+19,6.80e+19,0.000000000000000000e+00,0.000000000000000000e+00,1.00e+18
6.96e+20,1.84e+19,3.10e+20,2.70e+20,9.70e+19,6.80e+19,0.000000000000000000e+00,0.000000000000000000e+00,1.00e+18
6.78e+20,1.84e+19,3.10e+20,2.70e+20,9.70e+19,6.80e+19,0.000000000000000000e+00,0.000000000000000000e+00,1.00e+18
6.60e+20,1.84e+19,3.10e+20,2.70e+20,9.70e+19,6.80e+19,0.000000000000000000e+00,0.000000000000000000e+00,1.00e+18
6.42e+20,1.84e+19,3.10e+20,2.70e+20,9.70e+19,6.80e+19,0.000000000000000000e+00,0.000000000000000000e+00,1.00e+18
6.24e+20,1.84e+19,3.10e+20,2.70e+20,9.70e+19,6.80e+19,0.000000000000000000e+00,0.000000000000000000e+00,1.00e+18
6.06e+20,1.84e+19,3.10e+20,2.70e+20,9.70e+19,6.80e+19,0.000000000000000000e+00,0.000000000000000000e+00,1.00e+18
5.88e+20,1.84e+19,3.10e+20,2.70e+20,9.70e+19,6.80e+19,0.000000000000000000e+00,0.000000000000000000e+00,1.00e+18
5.70e+20,1.84e+19,3.10e+20,2.70e+20,9.70e+19,6.80e+19,0.000000000000000000e+00,0.000000000000000000e+00,1.00e+18
5.52e+20,1.84e+19,3.10e+20,2.70e+20,9.70e+19,6.80e+19,0.000000000000000000e+00,0.000000000000000000e+00,1.00e+18
5.34e+20,1.84e+19,3.10e+20,2.70e+20,9.70e+19,6.80e+19,0.000000000000000000e+00,0.000000000000000000e+00,1.00e+18
5.16e+20,1.84e+19,3.10e+20,2.70e+20,9.70e+19,6.80e+19,0.000000000000000000e+00,0.000000000000000000e+00,1.00e+18
1.00e+21,2.04e+19,1.26e+20,3.25e+20,6.80e+19,7.10e+19,0.000000000000000000e+00,0.000000000000000000e+00,1.00e+18
9.80e+20,2.04e+19,1.42e+20,3.25e+20,6.80e+19,7.10e+19,0.000000000000000000e+00,0.000000000000000000e+00,1.00e+18
9.60e+20,2.04e+19,1.60e+20,3.25e+20,6.80e+19,7.10e+19,0.000000000000000000e+00,0.000000000000000000e+00,1.00e+18
9.40e+20,2.04e+19,1.81e+20,3.25e+20,6.80e+19,7.10e+19,0.000000000000000000e+00,0.000000000000000000e+00,1.00e+18
9.20e+20,2.04e+19,2.04e+20,3.25e+20,6.80e+19,7.10e+19,0.000000000000000000e+00,0.000000000000000000e+00,1.00e+18
9.00e+20,2.04e+19,2.30e+20,3.25e+20,6.80e+19,7.10e+19,0.000000000000000000e+00,0.000000000000000000e+00,1.00e+18
3.48e+20,2.44e+19,3.40e+20,2.70e+20,9.70e+19,6.80e+19,0.000000000000000000e+00,1.00e+18,0.000000000000000000e+00
3.24e+20,2.44e+19,3.40e+20,2.70e+20,9.70e+19,6.80e+19,0.000000000000000000e+00,1.00e+18,0.000000000000000000e+00
3.00e+20,2.44e+19,3.40e+20,2.70e+20,9.70e+19,6.80e+19,0.000000000000000000e+00,1.00e+18,0.000000000000000000e+00
2.76e+20,2.44e+19,3.40e+20,2.70e+20,9.70e+19,6.80e+19,0.000000000000000000e+00,1.00e+18,0.000000000000000000e+00
2.52e+20,2.44e+19,3.40e+20,2.70e+20,9.70e+19,6.80e+19,0.000000000000000000e+00,1.00e+18,0.000000000000000000e+00
2.28e+20,2.44e+19,3.40e+20,2.70e+20,9.70e+19,6.80e+19,0.000000000000000000e+00,1.00e+18,0.000000000000000000e+00
2.04e+20,2.44e+19,3.40e+20,2.70e+20,9.70e+19,6.80e+19,0.000000000000000000e+00,1.00e+18,0.000000000000000000e+00
1.80e+20,2.44e+19,3.40e+20,2.70e+20,9.70e+19,6.80e+19,0.000000000000000000e+00,1.00e+18,0.000000000000000000e+00
1.56e+20,2.44e+19,3.40e+20,2.70e+20,9.70e+19,6.80e+19,0.000000000000000000e+00,1.00e+18,0.000000000000000000e+00
1.32e+20,2.44e+19,3.40e+20,2.70e+20,9.70e+19,6.80e+19,0.000000000000000000e+00,1.00e+18,0.000000000000000000e+00
1.08e+20,2.44e+19,3.40e+20,2.70e+20,9.70e+19,6.80e+19,0.000000000000000000e+00,1.00e+18,0.000000000000000000e+00
8.40e+19,2.44e+19,3.40e+20,2.70e+20,9.70e+19,6.80e+19,0.000000000000000000e+00,1.00e+18,0.000000000000000000e+00
6.00e+19,2.44e+19,3.40e+20,2.70e+20,9.70e+19,6.80e+19,0.000000000000000000e+00,1.00e+18,0.000000000000000000e+00
3.60e+19,2.44e+19,3.40e+20,2.70e+20,9.70e+19,6.80e+19,0.000000000000000000e+00,1.00e+18,0.000000000000000000e+00
1.20e+19,2.44e+19,3.40e+20,2.70e+20,9.70e+19,6.80e+19,0.000000000000000000e+00,1.00e+18,0.000000000000000000e+00
9.96e+20,2.44e+19,3.40e+20,2.20e+20,9.70e+19,6.80e+19,0.000000000000000000e+00,1.00e+18,0.000000000000000000e+00
9.72e+20,2.44e+19,3.40e+20,2.20e+20,9.70e+19,6.80e+19,0.000000000000000000e+00,1.00e+18,0.000000000000000000e+00
9.48e+20,2.44e+19,3.40e+20,2.20e+20,9.70e+19,6.80e+19,0.000000000000000000e+00,1.00e+18,0.000000000000000000e+00
9.24e+20,2.44e+19,3.40e+20,2.20e+20,9.70e+19,6.80e+19,0.000000000000000000e+00,1.00e+18,0.000000000000000000e+00
9.00e+20,2.44e+19,3.40e+20,2.20e+20,9.70e+19,6.80e+19,0.000000000000000000e+00,1.00e+18,0.000000000000000000e+00
8.76e+20,2.44e+19,3.40e+20,2.20e+20,9.70e+19,6.80e+19,0.000000000000000000e+00,1.00e+18,0.000000000000000000e+00
8.52e+20,2.44e+19,3.40e+20,2.20e+20,9.70e+19,6.80e+19,0.000000000000000000e+00,1.00e+18,0.000000000000000000e+00
8.28e+20,2.44e+19,3.40e+20,2.20e+20,9.70e+19,6.80e+19,0.000000000000000000e+00,1.00e+18,0.000000000000000000e+00
3.72e+20,2.44e+19,3.40e+20,2.20e+20,9.70e+19,6.80e+19,0.000000000000000000e+00,1.00e+18,0.000000000000000000e+00
3.48e+20,2.44e+19,3.40e+20,2.20e+20,9.70e+19,6.80e+19,0.000000000000000000e+00,1.00e+18,0.000000000000000000e+00
3.24e+20,2.44e+19,3.40e+20,2.20e+20,9.70e+19,6.80e+19,0.000000000000000000e+00,1.00e+18,0.000000000000000000e+00
3.00e+20,2.44e+19,3.40e+20,2.20e+20,9.70e+19,6.80e+19,0.000000000000000000e+00,1.00e+18,0.000000000000000000e+00
2.76e+20,2.44e+19,3.40e+20,2.20e+20,9.70e+19,6.80e+19,0.000000000000000000e+00,1.00e+18,0.000000000000000000e+00
2.52e+20,2.44e+19,3.40e+20,2.20e+20,9.70e+19,6.80e+19,0.000000000000000000e+00,1.00e+18,0.000000000000000000e+00
2.28e+20,2.44e+19,3.40e+20,2.20e+20,9.70e+19,6.80e+19,0.000000000000000000e+00,1.00e+18,0.000000000000000000e+00
2.04e+20,2.44e+19,3.40e+20,2.20e+20,9.70e+19,6.80e+19,0.000000000000000000e+00,1.00e+18,0.000000000000000000e+00
1.80e+20,2.48e+19,3.40e+20,2.20e+20,9.70e+19,6.80e+19,0.000000000000000000e+00,1.00e+18,0.000000000000000000e+00
1.55e+20,2.48e+19,3.40e+20,2.20e+20,9.70e+19,6.80e+19,0.000000000000000000e+00,1.00e+18,0.000000000000000000e+00
1.30e+20,2.48e+19,3.40e+20,2.20e+20,9.70e+19,6.80e+19,0.000000000000000000e+00,1.00e+18,0.000000000000000000e+00
1.05e+20,2.48e+19,3.40e+20,2.20e+20,9.70e+19,6.80e+19,0.000000000000000000e+00,1.00e+18,0.000000000000000000e+00
8.00e+19,2.48e+19,3.40e+20,2.20e+20,9.70e+19,6.80e+19,0.000000000000000000e+00,1.00e+18,0.000000000000000000e+00
5.50e+19,2.48e+19,3.40e+20,2.20e+20,9.70e+19,6.80e+19,0.000000000000000000e+00,1.00e+18,0.000000000000000000e+00
3.00e+19,2.48e+19,3.40e+20,2.20e+20,9.70e+19,6.80e+19,0.000000000000000000e+00,1.00e+18,0.000000000000000000e+00
5.00e+18,2.48e+19,3.40e+20,2.20e+20,9.70e+19,6.80e+19,0.000000000000000000e+00,1.00e+18,0.000000000000000000e+00
9.95e+20,2.48e+19,3.40e+20,3.00e+20,1.02e+20,9.50e+19,0.000000000000000000e+00,1.00e+18,0.000000000000000000e+00
9.70e+20,2.48e+19,3.40e+20,3.00e+20,1.02e+20,9.50e+19,0.000000000000000000e+00,1.00e+18,0.000000000000000000e+00
9.45e+20,2.48e+19,3.40e+20,3.00e+20,1.02e+20,9.50e+19,0.000000000000000000e+00,1.00e+18,0.000000000000000000e+00
9.20e+20,2.48e+19,3.40e+20,3.00e+20,1.02e+20,9.50e+19,0.000000000000000000e+00,1.00e+18,0.000000000000000000e+00
8.95e+20,2.48e+19,3.40e+20,3.00e+20,1.02e+20,9.50e+19,0.000000000000000000e+00,1.00e+18,0.000000000000000000e+00
8.70e+20,2.48e+19,3.40e+20,3.00e+20,1.02e+20,9.50e+19,0.000000000000000000e+00,1.00e+18,0.000000000000000000e+00
8.45e+20,2.48e+19,3.40e+20,3.00e+20,1.02e+20,9.50e+19,0.000000000000000000e+00,1.00e+18,0.000000000000000000e+00
8.20e+20,2.48e+19,3.40e+20,3.00e+20,1.02e+20,9.50e+19,0.000000000000000000e+00,1.00e+18,0.000000000000000000e+00
7.95e+20,2.48e+19,3.40e+20,3.00e+20,1.02e+20,9.50e+19,0.000000000000000000e+00,1.00e+18,0.000000000000000000e+00
3.18e+20,2.56e+19,3.40e+20,2.70e+20,9.70e+19,6.80e+19,0.000000000000000000e+00,1.00e+18,0.000000000000000000e+00
2.92e+20,2.56e+19,3.40e+20,2.70e+20,9.70e+19,6.80e+19,0.000000000000000000e+00,1.00e+18,0.000000000000000000e+00
2.66e+20,2.56e+19,3.40e+20,2.70e+20,9.70e+19,6.80e+19,0.000000000000000000e+00,1.00e+18,0.000000000000000000e+00
2.40e+20,2.56e+19,3.40e+20,2.70e+20,9.70e+19,6.80e+19,0.000000000000000000e+00,1.00e+18,0.000000000000000000e+00
2.14e+20,2.56e+19,3.40e+20,2.70e+20,9.70e+19,6.80e+19,0.000000000000000000e+00,1.00e+18,0.000000000000000000e+00
1.88e+20,2.56e+19,3.40e+20,2.70e+20,9.70e+19,6.80e+19,0.000000000000000000e+00,1.00e+18,0.000000000000000000e+00
1.62e+20,2.56e+19,3.40e+20,2.70e+20,9.70e+19,6.80e+19,0.000000000000000000e+00,1.00e+18,0.000000000000000000e+00
1.36e+20,2.56e+19,3.40e+20,2.70e+20,9.70e+19,6.80e+19,0.000000000000000000e+00,1.00e+18,0.000000000000000000e+00
1.10e+20,2.56e+19,3.40e+20,2.70e+20,9.70e+19,6.80e+19,0.000000000000000000e+00,1.00e+18,0.000000000000000000e+00
8.40e+19,2.56e+19,3.40e+20,2.70e+20,9.70e+19,6.80e+19,0.000000000000000000e+00,1.00e+18,0.000000000000000000e+00
5.80e+19,2.56e+19,3.40e+20,2.70e+20,9.70e+19,6.80e+19,0.000000000000000000e+00,1.00e+18,0.000000000000000000e+00
3.20e+19,2.56e+19,3.40e+20,2.70e+20,9.70e+19,6.80e+19,0.000000000000000000e+00,1.00e+18,0.000000000000000000e+00
6.00e+18,2.56e+19,3.40e+20,2.70e+20,9.70e+19,6.80e+19,0.000000000000000000e+00,1.00e+18,0.000000000000000000e+00
9.94e+20,2.56e+19,3.40e+20,3.25e+20,9.70e+19,6.80e+19,0.000000000000000000e+00,1.00e+18,0.000000000000000000e+00
9.68e+20,2.56e+19,3.40e+20,3.25e+20,9.70e+19,6.80e+19,0.000000000000000000e+00,1.00e+18,0.000000000000000000e+00
9.42e+20,2.56e+19,3.40e+20,3.25e+20,9.70e+19,6.80e+19,0.000000000000000000e+00,1.00e+18,0.000000000000000000e+00
9.16e+20,2.56e+19,3.40e+20,3.25e+20,9.70e+19,6.80e+19,0.000000000000000000e+00,1.00e+18,0.000000000000000000e+00
8.90e+20,2.56e+19,3.40e+20,3.25e+20,9.70e+19,6.80e+19,0.000000000000000000e+00,1.00e+18,0.000000000000000000e+00
8.64e+20,2.56e+19,3.40e+20,3.25e+20,9.70e+19,6.80e+19,0.000000000000000000e+00,1.00e+18,0.000000000000000000e+00
8.38e+20,2.56e+19,3.40e+20,3.25e+20,9.70e+19,6.80e+19,0.000000000000000000e+00,1.00e+18,0.000000000000000000e+00
8.12e+20,2.56e+19,3.40e+20,3.25e+20,9.70e+19,6.80e+19,0.000000000000000000e+00,1.00e+18,0.000000000000000000e+00
7.86e+20,2.56e+19,3.40e+20,3.25e+20,9.70e+19,6.80e+19,0.000000000000000000e+00,1.00e+18,0.000000000000000000e+00
7.60e+20,2.56e+19,3.40e+20,3.25e+20,9.70e+19,6.80e+19,0.000000000000000000e+00,1.00e+18,0.000000000000000000e+00
7.34e+20,2.56e+19,3.40e+20,3.25e+20,9.70e+19,6.80e+19,0.000000000000000000e+00,1.00e+18,0.000000000000000000e+00
2.92e+20,2.60e+19,3.40e+20,2.20e+20,9.70e+19,6.80e+19,0.000000000000000000e+00,1.00e+18,0.000000000000000000e+00
2.66e+20,2.60e+19,3.40e+20,2.20e+20,9.70e+19,6.80e+19,0.000000000000000000e+00,1.00e+18,0.000000000000000000e+00
2.40e+20,2.60e+19,3.40e+20,2.20e+20,9.70e+19,6.80e+19,0.000000000000000000e+00,1.00e+18,0.000000000000000000e+00
2.14e+20,2.60e+19,3.40e+20,2.20e+20,9.70e+19,6.80e+19,0.000000000000000000e+00,1.00e+18,0.000000000000000000e+00
1.88e+20,2.60e+19,3.40e+20,2.20e+20,9.70e+19,6.80e+19,0.000000000000000000e+00,1.00e+18,0.000000000000000000e+00
1.62e+20,2.60e+19,3.40e+20,2.20e+20,9.70e+19,6.80e+19,0.000000000000000000e+00,1.00e+18,0.000000000000000000e+00
1.36e+20,2.60e+19,3.40e+20,2.20e+20,9.70e+19,6.80e+19,0.000000000000000000e+00,1.00e+18,0.000000000000000000e+00
1.10e+20,2.60e+19,3.40e+20,2.20e+20,9.70e+19,6.80e+19,0.000000000000000000e+00,1.00e+18,0.000000000000000000e+00
8.40e+19,2.60e+19,3.40e+20,2.20e+20,9.70e+19,6.80e+19,0.000000000000000000e+00,1.00e+18,0.000000000000000000e+00
5.80e+19,2.60e+19,3.40e+20,2.20e+20,9.70e+19,6.80e+19,0.000000000000000000e+00,1.00e+18,0.000000000000000000e+00
3.20e+19,2.60e+19,3.40e+20,2.20e+20,9.70e+19,6.80e+19,0.000000000000000000e+00,1.00e+18,0.000000000000000000e+00
6.00e+18,2.60e+19,3.40e+20,2.20e+20,9.70e+19,6.80e+19,0.000000000000000000e+00,1.00e+18,0.000000000000000000e+00
9.94e+20,2.60e+19,3.40e+20,3.00e+20,1.02e+20,9.50e+19,0.000000000000000000e+00,1.00e+18,0.000000000000000000e+00
9.68e+20,2.60e+19,3.40e+20,3.00e+20,1.02e+20,9.50e+19,0.000000000000000000e+00,1.00e+18,0.000000000000000000e+00
9.42e+20,2.60e+19,3.40e+20,3.00e+20,1.02e+20,9.50e+19,0.000000000000000000e+00,1.00e+18,0.000000000000000000e+00
9.16e+20,2.60e+19,3.40e+20,3.00e+20,1.02e+20,9.50e+19,0.000000000000000000e+00,1.00e+18,0.000000000000000000e+00
8.90e+20,2.60e+19,3.40e+20,3.00e+20,1.02e+20,9.50e+19,0.000000000000000000e+00,1.00e+18,0.000000000000000000e+00
3.18e+20,2.68e+19,3.40e+20,2.70e+20,9.70e+19,6.80e+19,0.000000000000000000e+00,1.00e+18,0.000000000000000000e+00
2.91e+20,2.68e+19,3.40e+20,2.70e+20,9.70e+19,6.80e+19,0.000000000000000000e+00,1.00e+18,0.000000000000000000e+00
2.64e+20,2.68e+19,3.40e+20,2.70e+20,9.70e+19,6.80e+19,0.000000000000000000e+00,1.00e+18,0.000000000000000000e+00
2.37e+20,2.68e+19,3.40e+20,2.70e+20,9.70e+19,6.80e+19,0.000000000000000000e+00,1.00e+18,0.000000000000000000e+00
2.10e+20,2.68e+19,3.40e+20,2.70e+20,9.70e+19,6.80e+19,0.000000000000000000e+00,1.00e+18,0.000000000000000000e+00
1.83e+20,2.68e+19,3.40e+20,2.70e+20,9.70e+19,6.80e+19,0.000000000000000000e+00,1.00e+18,0.000000000000000000e+00
1.56e+20,2.68e+19,3.40e+20,2.70e+20,9.70e+19,6.80e+19,0.000000000000000000e+00,1.00e+18,0.000000000000000000e+00
1.29e+20,2.68e+19,3.40e+20,2.70e+20,9.70e+19,6.80e+19,0.000000000000000000e+00,1.00e+18,0.000000000000000000e+00
1.02e+20,2.68e+19,3.40e+20,2.70e+20,9.70e+19,6.80e+19,0.000000000000000000e+00,1.00e+18,0.000000000000000000e+00
7.50e+19,2.68e+19,3.40e+20,2.70e+20,9.70e+19,6.80e+19,0.000000000000000000e+00,1.00e+18,0.000000000000000000e+00
4.80e+19,2.68e+19,3.40e+20,2.70e+20,9.70e+19,6.80e+19,0.000000000000000000e+00,1.00e+18,0.000000000000000000e+00
2.10e+19,2.68e+19,3.40e+20,2.70e+20,9.70e+19,6.80e+19,0.000000000000000000e+00,1.00e+18,0.000000000000000000e+00
1.80e+20,2.00e+19,1.96e+20,3.00e+20,4.80e+19,9.50e+19,1.00e+18,0.000000000000000000e+00,0.000000000000000000e+00
1.60e+20,2.00e+19,1.74e+20,3.00e+20,4.80e+19,9.50e+19,1.00e+18,0.000000000000000000e+00,0.000000000000000000e+00
1.80e+20,2.04e+19,2.78e+20,3.25e+20,6.80e+19,7.10e+19,1.00e+18,0.000000000000000000e+00,0.000000000000000000e+00
1.60e+20,2.04e+19,2.48e+20,3.25e+20,6.80e+19,7.10e+19,1.00e+18,0.000000000000000000e+00,0.000000000000000000e+00
1.40e+20,2.04e+19,2.21e+20,3.25e+20,6.80e+19,7.10e+19,1.00e+18,0.000000000000000000e+00,0.000000000000000000e+00
1.20e+20,2.04e+19,1.96e+20,3.25e+20,6.80e+19,7.10e+19,1.00e+18,0.000000000000000000e+00,0.000000000000000000e+00
3.00e+20,2.04e+19,2.78e+20,3.25e+20,6.80e+19,7.10e+19,1.00e+18,0.000000000000000000e+00,0.000000000000000000e+00
2.80e+20,2.04e+19,2.48e+20,3.25e+20,6.80e+19,7.10e+19,1.00e+18,0.000000000000000000e+00,0.000000000000000000e+00
2.60e+20,2.04e+19,2.21e+20,3.25e+20,6.80e+19,7.10e+19,1.00e+18,0.000000000000000000e+00,0.000000000000000000e+00
2.40e+20,2.04e+19,1.96e+20,3.25e+20,6.80e+19,7.10e+19,1.00e+18,0.000000000000000000e+00,0.000000000000000000e+00
2.20e+20,2.04e+19,1.74e+20,3.25e+20,6.80e+19,7.10e+19,1.00e+18,0.000000000000000000e+00,0.000000000000000000e+00
2.00e+20,2.04e+19,1.54e+20,3.25e+20,6.80e+19,7.10e+19,1.00e+18,0.000000000000000000e+00,0.000000000000000000e+00
1.80e+20,2.04e+19,1.36e+20,3.25e+20,6.80e+19,7.10e+19,1.00e+18,0.000000000000000000e+00,0.000000000000000000e+00
2.43e+20,2.08e+19,2.78e+20,3.00e+20,4.80e+19,9.50e+19,1.00e+18,0.000000000000000000e+00,0.000000000000000000e+00
2.22e+20,2.08e+19,2.48e+20,3.00e+20,4.80e+19,9.50e+19,1.00e+18,0.000000000000000000e+00,0.000000000000000000e+00
2.01e+20,2.08e+19,2.21e+20,3.00e+20,4.80e+19,9.50e+19,1.00e+18,0.000000000000000000e+00,0.000000000000000000e+00
1.80e+20,2.08e+19,1.96e+20,3.00e+20,4.80e+19,9.50e+19,1.00e+18,0.000000000000000000e+00,0.000000000000000000e+00
1.59e+20,2.08e+19,1.74e+20,3.00e+20,4.80e+19,9.50e+19,1.00e+18,0.000000000000000000e+00,0.000000000000000000e+00
1.59e+20,2.12e+19,2.78e+20,3.25e+20,4.00e+19,7.10e+19,1.00e+18,0.000000000000000000e+00,0.000000000000000000e+00
1.38e+20,2.12e+19,2.48e+20,3.25e+20,4.00e+19,7.10e+19,1.00e+18,0.000000000000000000e+00,0.000000000000000000e+00
1.17e+20,2.12e+19,2.21e+20,3.25e+20,4.00e+19,7.10e+19,1.00e+18,0.000000000000000000e+00,0.000000000000000000e+00
9.60e+19,2.12e+19,1.96e+20,3.25e+20,4.00e+19,7.10e+19,1.00e+18,0.000000000000000000e+00,0.000000000000000000e+00
7.50e+19,2.12e+19,1.74e+20,3.25e+20,4.00e+19,7.10e+19,1.00e+18,0.000000000000000000e+00,0.000000000000000000e+00
1.59e+20,2.12e+19,2.78e+20,3.25e+20,4.00e+19,7.10e+19,1.00e+18,0.000000000000000000e+00,0.000000000000000000e+00
1.38e+20,2.12e+19,2.48e+20,3.25e+20,4.00e+19,7.10e+19,1.00e+18,0.000000000000000000e+00,0.000000000000000000e+00
1.17e+20,2.12e+19,2.21e+20,3.25e+20,4.00e+19,7.10e+19,1.00e+18,0.000000000000000000e+00,0.000000000000000000e+00
9.60e+19,2.12e+19,1.96e+20,3.25e+20,4.00e+19,7.10e+19,1.00e+18,0.000000000000000000e+00,0.000000000000000000e+00
7.50e+19,2.12e+19,1.74e+20,3.25e+20,4.00e+19,7.10e+19,1.00e+18,0.000000000000000000e+00,0.000000000000000000e+00
1.13e+20,2.16e+19,2.78e+20,3.25e+20,4.00e+19,7.10e+19,1.00e+18,0.000000000000000000e+00,0.000000000000000000e+00
9.10e+19,2.16e+19,2.48e+20,3.25e+20,4.00e+19,7.10e+19,1.00e+18,0.000000000000000000e+00,0.000000000000000000e+00
6.90e+19,2.16e+19,2.21e+20,3.25e+20,4.00e+19,7.10e+19,1.00e+18,0.000000000000000000e+00,0.000000000000000000e+00
4.70e+19,2.16e+19,1.96e+20,3.25e+20,4.00e+19,7.10e+19,1.00e+18,0.000000000000000000e+00,0.000000000000000000e+00
2.50e+19,2.16e+19,1.74e+20,3.25e+20,4.00e+19,7.10e+19,1.00e+18,0.000000000000000000e+00,0.000000000000000000e+00
3.00e+18,2.16e+19,1.54e+20,3.25e+20,4.00e+19,7.10e+19,1.00e+18,0.000000000000000000e+00,0.000000000000000000e+00
1.84e+20,2.20e+19,2.78e+20,3.25e+20,4.00e+19,7.10e+19,1.00e+18,0.000000000000000000e+00,0.000000000000000000e+00
1.62e+20,2.20e+19,2.48e+20,3.25e+20,4.00e+19,7.10e+19,1.00e+18,0.000000000000000000e+00,0.000000000000000000e+00
1.40e+20,2.20e+19,2.21e+20,3.25e+20,4.00e+19,7.10e+19,1.00e+18,0.000000000000000000e+00,0.000000000000000000e+00
2.06e+20,2.20e+19,2.78e+20,3.25e+20,9.70e+19,6.80e+19,1.00e+18,0.000000000000000000e+00,0.000000000000000000e+00
1.84e+20,2.20e+19,2.48e+20,3.25e+20,9.70e+19,6.80e+19,1.00e+18,0.000000000000000000e+00,0.000000000000000000e+00
1.62e+20,2.20e+19,2.21e+20,3.25e+20,9.70e+19,6.80e+19,1.00e+18,0.000000000000000000e+00,0.000000000000000000e+00
1.40e+20,2.20e+19,1.96e+20,3.25e+20,9.70e+19,6.80e+19,1.00e+18,0.000000000000000000e+00,0.000000000000000000e+00
1.84e+20,2.24e+19,2.78e+20,3.25e+20,9.70e+19,6.80e+19,1.00e+18,0.000000000000000000e+00,0.000000000000000000e+00
1.62e+20,2.24e+19,2.48e+20,3.25e+20,9.70e+19,6.80e+19,1.00e+18,0.000000000000000000e+00,0.000000000000000000e+00
1.40e+20,2.24e+19,2.21e+20,3.25e+20,9.70e+19,6.80e+19,1.00e+18,0.000000000000000000e+00,0.000000000000000000e+00
2.50e+20,2.24e+19,2.78e+20,3.00e+20,1.02e+20,9.50e+19,1.00e+18,0.000000000000000000e+00,0.000000000000000000e+00
2.28e+20,2.24e+19,2.48e+20,3.00e+20,1.02e+20,9.50e+19,1.00e+18,0.000000000000000000e+00,0.000000000000000000e+00
2.06e+20,2.24e+19,2.21e+20,3.00e+20,1.02e+20,9.50e+19,1.00e+18,0.000000000000000000e+00,0.000000000000000000e+00
1.84e+20,2.24e+19,1.96e+20,3.00e+20,1.02e+20,9.50e+19,1.00e+18,0.000000000000000000e+00,0.000000000000000000e+00
2.15e+20,2.28e+19,2.78e+20,3.25e+20,4.00e+19,7.10e+19,1.00e+18,0.000000000000000000e+00,0.000000000000000000e+00
1.92e+20,2.28e+19,2.48e+20,3.25e+20,4.00e+19,7.10e+19,1.00e+18,0.000000000000000000e+00,0.000000000000000000e+00
1.69e+20,2.28e+19,2.21e+20,3.25e+20,4.00e+19,7.10e+19,1.00e+18,0.000000000000000000e+00,0.000000000000000000e+00
2.84e+20,2.32e+19,2.78e+20,3.00e+20,1.02e+20,9.50e+19,1.00e+18,0.000000000000000000e+00,0.000000000000000000e+00
2.61e+20,2.32e+19,2.48e+20,3.00e+20,1.02e+20,9.50e+19,1.00e+18,0.000000000000000000e+00,0.000000000000000000e+00
2.38e+20,2.32e+19,2.21e+20,3.00e+20,1.02e+20,9.50e+19,1.00e+18,0.000000000000000000e+00,0.000000000000000000e+00
2.15e+20,2.32e+19,1.96e+20,3.00e+20,1.02e+20,9.50e+19,1.00e+18,0.000000000000000000e+00,0.000000000000000000e+00
2.84e+20,2.32e+19,2.78e+20,3.00e+20,4.80e+19,9.50e+19,1.00e+18,0.000000000000000000e+00,0.000000000000000000e+00
2.61e+20,2.32e+19,2.48e+20,3.00e+20,4.80e+19,9.50e+19,1.00e+18,0.000000000000000000e+00,0.000000000000000000e+00
2.38e+20,2.32e+19,2.21e+20,3.00e+20,4.80e+19,9.50e+19,1.00e+18,0.000000000000000000e+00,0.000000000000000000e+00
2.15e+20,2.32e+19,1.96e+20,3.00e+20,4.80e+19,9.50e+19,1.00e+18,0.000000000000000000e+00,0.000000000000000000e+00
2.28e+20,2.36e+19,2.78e+20,3.25e+20,6.80e+19,7.10e+19,1.00e+18,0.000000000000000000e+00,0.000000000000000000e+00
2.04e+20,2.36e+19,2.48e+20,3.25e+20,6.80e+19,7.10e+19,1.00e+18,0.000000000000000000e+00,0.000000000000000000e+00
1.80e+20,2.36e+19,2.21e+20,3.25e+20,6.80e+19,7.10e+19,1.00e+18,0.000000000000000000e+00,0.000000000000000000e+00
1.56e+20,2.36e+19,1.96e+20,3.25e+20,6.80e+19,7.10e+19,1.00e+18,0.000000000000000000e+00,0.000000000000000000e+00
1.32e+20,2.36e+19,1.74e+20,3.25e+20,6.80e+19,7.10e+19,1.00e+18,0.000000000000000000e+00,0.000000000000000000e+00
1.08e+20,2.36e+19,1.54e+20,3.25e+20,6.80e+19,7.10e+19,1.00e+18,0.000000000000000000e+00,0.000000000000000000e+00
1.80e+20,2.36e+19,2.78e+20,3.00e+20,4.80e+19,9.50e+19,1.00e+18,0.000000000000000000e+00,0.000000000000000000e+00
1.56e+20,2.40e+19,2.48e+20,3.00e+20,4.80e+19,9.50e+19,1.00e+18,0.000000000000000000e+00,0.000000000000000000e+00
1.32e+20,2.40e+19,2.21e+20,3.00e+20,4.80e+19,9.50e+19,1.00e+18,0.000000000000000000e+00,0.000000000000000000e+00
1.08e+20,2.40e+19,1.96e+20,3.00e+20,4.80e+19,9.50e+19,1.00e+18,0.000000000000000000e+00,0.000000000000000000e+00
8.40e+19,2.40e+19,1.74e+20,3.00e+20,4.80e+19,9.50e+19,1.00e+18,0.000000000000000000e+00,0.000000000000000000e+00
3.24e+20,2.40e+19,2.78e+20,3.25e+20,6.80e+19,7.10e+19,1.00e+18,0.000000000000000000e+00,0.000000000000000000e+00
3.00e+20,2.40e+19,2.48e+20,3.25e+20,6.80e+19,7.10e+19,1.00e+18,0.000000000000000000e+00,0.000000000000000000e+00
2.76e+20,2.40e+19,2.21e+20,3.25e+20,6.80e+19,7.10e+19,1.00e+18,0.000000000000000000e+00,0.000000000000000000e+00
2.45e+20,2.48e+19,2.78e+20,3.00e+20,1.02e+20,9.50e+19,1.00e+18,0.000000000000000000e+00,0.000000000000000000e+00
2.20e+20,2.48e+19,2.48e+20,3.00e+20,1.02e+20,9.50e+19,1.00e+18,0.000000000000000000e+00,0.000000000000000000e+00
1.95e+20,2.48e+19,2.21e+20,3.00e+20,1.02e+20,9.50e+19,1.00e+18,0.000000000000000000e+00,0.000000000000000000e+00
2.70e+20,2.48e+19,2.78e+20,3.25e+20,4.00e+19,7.10e+19,1.00e+18,0.000000000000000000e+00,0.000000000000000000e+00
2.45e+20,2.48e+19,2.48e+20,3.25e+20,4.00e+19,7.10e+19,1.00e+18,0.000000000000000000e+00,0.000000000000000000e+00
2.20e+20,2.48e+19,2.21e+20,3.25e+20,4.00e+19,7.10e+19,1.00e+18,0.000000000000000000e+00,0.000000000000000000e+00
1.95e+20,2.48e+19,1.96e+20,3.25e+20,4.00e+19,7.10e+19,1.00e+18,0.000000000000000000e+00,0.000000000000000000e+00
1.70e+20,2.52e+19,2.78e+20,3.00e+20,4.80e+19,9.50e+19,1.00e+18,0.000000000000000000e+00,0.000000000000000000e+00
1.45e+20,2.52e+19,2.48e+20,3.00e+20,4.80e+19,9.50e+19,1.00e+18,0.000000000000000000e+00,0.000000000000000000e+00
1.20e+20,2.52e+19,2.21e+20,3.00e+20,4.80e+19,9.50e+19,1.00e+18,0.000000000000000000e+00,0.000000000000000000e+00
2.45e+20,2.52e+19,2.78e+20,3.25e+20,6.80e+19,7.10e+19,1.00e+18,0.000000000000000000e+00,0.000000000000000000e+00
2.20e+20,2.52e+19,2.48e+20,3.25e+20,6.80e+19,7.10e+19,1.00e+18,0.000000000000000000e+00,0.000000000000000000e+00
1.95e+20,2.52e+19,2.21e+20,3.25e+20,6.80e+19,7.10e+19,1.00e+18,0.000000000000000000e+00,0.000000000000000000e+00
2.66e+20,2.56e+19,2.78e+20,3.25e+20,9.70e+19,6.80e+19,1.00e+18,0.000000000000000000e+00,0.000000000000000000e+00
2.40e+20,2.56e+19,2.48e+20,3.25e+20,9.70e+19,6.80e+19,1.00e+18,0.000000000000000000e+00,0.000000000000000000e+00
1.62e+20,2.60e+19,2.78e+20,2.70e+20,9.70e+19,6.80e+19,1.00e+18,0.000000000000000000e+00,0.000000000000000000e+00
1.36e+20,2.60e+19,2.48e+20,2.70e+20,9.70e+19,6.80e+19,1.00e+18,0.000000000000000000e+00,0.000000000000000000e+00
1.10e+20,2.60e+19,2.21e+20,2.70e+20,9.70e+19,6.80e+19,1.00e+18,0.000000000000000000e+00,0.000000000000000000e+00
2.14e+20,2.64e+19,2.78e+20,3.00e+20,1.02e+20,9.50e+19,1.00e+18,0.000000000000000000e+00,0.000000000000000000e+00
1.88e+20,2.64e+19,2.48e+20,3.00e+20,1.02e+20,9.50e+19,1.00e+18,0.000000000000000000e+00,0.000000000000000000e+00
1.62e+20,2.64e+19,2.21e+20,3.00e+20,1.02e+20,9.50e+19,1.00e+18,0.000000000000000000e+00,0.000000000000000000e+00
2.40e+20,2.64e+19,2.78e+20,3.25e+20,4.00e+19,7.10e+19,1.00e+18,0.000000000000000000e+00,0.000000000000000000e+00
2.14e+20,2.64e+19,2.48e+20,3.25e+20,4.00e+19,7.10e+19,1.00e+18,0.000000000000000000e+00,0.000000000000000000e+00
1.88e+20,2.64e+19,2.21e+20,3.25e+20,4.00e+19,7.10e+19,1.00e+18,0.000000000000000000e+00,0.000000000000000000e+00
1.62e+20,2.64e+19,1.96e+20,3.25e+20,4.00e+19,7.10e+19,1.00e+18,0.000000000000000000e+00,0.000000000000000000e+00
1.71e+20,2.68e+19,2.78e+20,3.25e+20,6.80e+19,7.10e+19,1.00e+18,0.000000000000000000e+00,0.000000000000000000e+00